{
  "version": "7",
  "dialect": "postgresql",
  "entries": [
    {
      "idx": 0,
      "version": "7",
      "when": 1764716121676,
      "tag": "0000_marvelous_sasquatch",
      "breakpoints": true
    },
    {
      "idx": 1,
      "version": "7",
      "when": 1764725881494,
      "tag": "0001_overjoyed_king_bedlam",
      "breakpoints": true
    },
    {
      "idx": 2,
      "version": "7",
      "when": 1764726857789,
      "tag": "0002_jazzy_yellowjacket",
      "breakpoints": true
    },
    {
      "idx": 3,
      "version": "7",
      "when": 1764988096170,
      "tag": "0003_far_deathbird",
      "breakpoints": true
    },
    {
      "idx": 4,
      "version": "7",
      "when": 1764988292065,
      "tag": "0004_salty_jubilee",
      "breakpoints": true
    }
  ]
}