{
  "$schema": "./node_modules/@biomejs/biome/configuration_schema.json",
  "vcs": {
    "enabled": false,
    "clientKind": "git",
    "useIgnoreFile": false
  },
  "files": {
    "ignoreUnknown": false
  },
  "formatter": {
    "enabled": true,
    "indentStyle": "tab",
    "indentWidth": 2,
    "lineWidth": 120,
    "bracketSpacing": true
  },
  "linter": {
    "enabled": true
  },
  "javascript": {
    "formatter": {
      "semicolons": "asNeeded",
      "quoteStyle": "double",
      "trailingCommas": "all",
      "enabled": true
    }
  },
  "assist": {
    "enabled": true,
    "actions": {
      "source": {
        "organizeImports": "on"
      }
    }
  },
  "extends": ["ultracite/core"]
}
